"Name","State","Notes","User","Tags","Created","Runtime","Sweep","batch_size","dff","dropout_rate","head_dim","learning_rate","n_heads","n_layers","window_size","epoch/epoch","epoch/learning_rate","epoch/loss","epoch/r_square","epoch/val_loss","epoch/val_r_square"
"drawn-sweep-8","finished","-","cridonoso","","2023-06-05T18:26:18.000Z","110735","hvmpmcr4","2500","64","0.395530699367861","64","0.00001","4","1","200","140","0.000009999999747378752","0.08147996664047241","0.7209756374359131","0.0810910239815712","0.7123377323150635"
"atomic-sweep-29","finished","-","cridonoso","","2023-06-07T11:52:49.000Z","137910","u9aqay8r","2500","16","0.2511840171549925","64","0.001","4","1","200","177","0.000009999999747378752","0.08424073457717896","0.7177858352661133","0.08131276071071625","0.7178665995597839"
"proud-sweep-5","finished","-","cridonoso","","2023-06-04T06:39:31.000Z","102951","u9aqay8r","2500","16","0.12709466772005062","64","0.00001","4","1","200","132","0.000009999999747378752","0.08505839109420776","0.7036377191543579","0.08218979090452194","0.708249568939209"
"treasured-sweep-4","finished","-","cridonoso","","2023-06-03T22:33:01.000Z","79714","hvmpmcr4","2500","32","0.42726364655113896","64","0.00001","4","1","200","101","0.000009999999747378752","0.08395583927631378","0.7217748165130615","0.08228769898414612","0.7189285755157471"
"vibrant-sweep-30","finished","-","cridonoso","","2023-06-09T02:11:25.000Z","77978","u9aqay8r","2500","128","0.008161764068604804","64","0.0001","4","1","200","97","0.000009999999747378752","0.08551761507987976","0.7095761299133301","0.08247115463018417","0.7118691205978394"
"rural-sweep-10","finished","-","cridonoso","","2023-06-07T15:37:20.000Z","137985","hvmpmcr4","2500","128","0.4796341410435633","64","0.00001","4","1","200","171","0.000009999999747378752","0.08745530992746353","0.7180179357528687","0.08256906270980835","0.7179785966873169"
"restful-sweep-12","finished","-","cridonoso","","2023-06-05T18:07:03.000Z","65885","u9aqay8r","2500","32","0.27246698473063624","64","0.001","4","1","200","84","0.000009999999747378752","0.08969240635633469","0.7090232372283936","0.08293147385120392","0.7059910297393799"
"blooming-sweep-9","finished","-","cridonoso","","2023-06-07T01:11:57.000Z","51921","hvmpmcr4","2500","64","0.4844168954200384","64","0.00001","4","1","200","65","0.000009999999747378752","0.08895759284496307","0.6982262134552002","0.08302485942840576","0.7006458044052124"
"giddy-sweep-4","finished","-","cridonoso","","2023-06-03T15:10:28.000Z","55740","u9aqay8r","2500","32","0.17504290447141013","64","0.00001","4","1","200","71","0.000009999999747378752","0.08621653914451599","0.7148119211196899","0.0834028422832489","0.7094271183013916"
"flowing-sweep-18","finished","-","cridonoso","","2023-06-10T05:18:29.000Z","52813","hvmpmcr4","2500","32","0.313159930025315","64","0.001","4","2","200","40","0.000009999999747378752","0.09106499701738358","0.6911492347717285","0.08383573591709137","0.6992639303207397"
"playful-sweep-4","finished","-","cridonoso","","2023-06-02T22:11:28.000Z","65577","q1ntly1t","2500","128","0.440582843786731","32","0.001","4","1","200","129","0.000009999999747378752","0.08559589833021164","0.7018799185752869","0.08443889766931534","0.7056734561920166"
"fancy-sweep-20","finished","-","cridonoso","","2023-06-05T19:03:29.000Z","59590","q1ntly1t","2500","128","0.3507562882084002","32","0.01","4","1","200","117","0.000009999999747378752","0.09147454798221588","0.6842800378799438","0.08487023413181305","0.6976848840713501"
"snowy-sweep-7","finished","-","cridonoso","","2023-06-04T02:18:26.000Z","68026","q1ntly1t","2500","128","0.14277331731978193","32","0.001","4","1","200","134","0.000009999999747378752","0.08609513938426971","0.6983147859573364","0.08560281991958618","0.7023264169692993"
"iconic-sweep-14","failed","-","cridonoso","","2023-06-09T10:19:29.000Z","38478","hvmpmcr4","2500","16","0.01714916846602149","64","0.00001","4","2","200","29","0.000009999999747378752","0.09557896852493286","0.6666618585586548","0.08730574697256088","0.6821012496948242"
"blooming-sweep-3","finished","-","cridonoso","","2023-06-02T15:27:54.000Z","24208","q1ntly1t","2500","128","0.3602487025166544","16","0.01","4","1","200","70","0.000009999999747378752","0.09107241779565813","0.6758818626403809","0.0873570442199707","0.6811493635177612"
"gentle-sweep-3","finished","-","cridonoso","","2023-06-02T14:17:50.000Z","116106","hvmpmcr4","2500","32","0.416681908368501","64","0.0001","2","1","200","279","0.000009999999747378752","0.0807972177863121","0.699657142162323","0.08743971586227417","0.6841176748275757"
"polished-sweep-24","finished","-","cridonoso","","2023-06-06T18:18:30.000Z","69007","q1ntly1t","2500","16","0.4626362186867206","64","0.01","4","2","200","53","0.000009999999747378752","0.08695267140865326","0.683256208896637","0.08802340924739838","0.6793617606163025"
"polished-sweep-6","finished","-","cridonoso","","2023-06-05T00:16:29.000Z","37687","hvmpmcr4","2500","64","0.4963915086240714","64","0.00001","2","1","200","89","0.000009999999747378752","0.08932537585496902","0.6595504283905029","0.08808240294456482","0.6680594682693481"
"jumping-sweep-16","failed","-","cridonoso","","2023-06-09T22:11:46.000Z","23440","hvmpmcr4","2500","32","0.2690125492553216","64","0.01","4","1","200","29","0.000009999999747378752","0.09169596433639526","0.6677800416946411","0.08816822618246078","0.6729089021682739"
"denim-sweep-3","finished","-","cridonoso","","2023-06-02T20:27:35.000Z","67368","u9aqay8r","2500","32","0.3057856135042982","64","0.00001","4","1","200","86","0.000009999999747378752","0.0882868766784668","0.6867223381996155","0.08882167935371399","0.6771901845932007"
"fragrant-sweep-1","finished","-","cridonoso","","2023-06-01T13:06:05.000Z","68208","hvmpmcr4","2500","64","0.12277583459232903","32","0.01","4","2","200","80","0.000009999999747378752","0.0927950069308281","0.639115035533905","0.08964294195175171","0.6584336757659912"
"radiant-sweep-8","failed","-","cridonoso","","2023-06-04T21:12:14.000Z","15253","q1ntly1t","2500","128","0.3284349152526473","32","0.001","4","1","200","29","0.000009999999747378752","0.08555111289024353","0.6702035665512085","0.0907732918858528","0.6607208251953125"
"hopeful-sweep-32","failed","-","cridonoso","","2023-06-08T05:28:44.000Z","14865","q1ntly1t","2500","16","0.19622785107011065","32","0.01","4","1","200","29","0.000009999999747378752","0.09598488360643388","0.6467336416244507","0.09091559797525406","0.6501562595367432"
"sweepy-sweep-31","failed","-","cridonoso","","2023-06-08T01:21:27.000Z","14819","q1ntly1t","2500","16","0.12240878233483247","32","0.0001","4","1","200","29","0.000009999999747378752","0.09454920142889024","0.625906229019165","0.09234947711229324","0.6364437341690063"
"golden-sweep-38","failed","-","cridonoso","","2023-06-08T14:35:34.000Z","24178","q1ntly1t","2500","128","0.23110841273303856","64","0.00001","4","1","200","29","0.000009999999747378752","0.10025998950004578","0.6371504664421082","0.09235144406557085","0.6462016105651855"
"vivid-sweep-9","failed","-","cridonoso","","2023-06-05T01:26:29.000Z","12536","q1ntly1t","2500","32","0.4279019049011496","64","0.00001","2","1","200","29","0.000009999999747378752","0.09322760999202728","0.6169717311859131","0.09264146536588667","0.6343057751655579"
"scarlet-sweep-1","finished","-","cridonoso","","2023-06-01T13:06:08.000Z","31738","q1ntly1t","2500","128","0.3757796812122016","16","0.01","2","1","200","165","0.000009999999747378752","0.09685058891773224","0.6215512752532959","0.0929364264011383","0.6369422674179077"
"visionary-sweep-25","finished","-","cridonoso","","2023-06-07T13:28:46.000Z","24643","q1ntly1t","2500","16","0.14394647444559144","32","0.001","4","1","200","49","0.000009999999747378752","0.09110673516988754","0.6365497708320618","0.0929628536105156","0.635016679763794"
"lyric-sweep-2","finished","-","cridonoso","","2023-06-02T08:03:07.000Z","22478","hvmpmcr4","2500","16","0.31707729747677704","16","0.0001","2","1","200","123","0.000009999999747378752","0.09200892597436904","0.6357142329216003","0.09324666112661362","0.633017897605896"
"upbeat-sweep-5","finished","-","cridonoso","","2023-06-03T16:24:37.000Z","28762","q1ntly1t","2500","128","0.4863292871777523","32","0.0001","4","1","200","56","0.000009999999747378752","0.0954565778374672","0.6276831030845642","0.09350480139255524","0.6368167996406555"
"happy-sweep-2","finished","-","cridonoso","","2023-06-02T01:16:01.000Z","69080","u9aqay8r","2500","16","0.27813856791172875","32","0.0001","2","1","200","275","0.000009999999747378752","0.1019177958369255","0.6108988523483276","0.09359917789697648","0.6268184185028076"
"resilient-sweep-19","failed","-","cridonoso","","2023-06-05T16:11:30.000Z","10316","q1ntly1t","2500","128","0.3436065629021715","16","0.001","4","1","200","29","0.000009999999747378752","0.09760743379592896","0.6309513449668884","0.09408386051654816","0.6349232196807861"
"absurd-sweep-16","failed","-","cridonoso","","2023-06-06T14:48:35.000Z","12592","u9aqay8r","2500","64","0.31317572862960574","64","0.01","2","1","200","29","0.000009999999747378752","0.0946854054927826","0.629213809967041","0.09416541457176208","0.6263291835784912"
"worldly-sweep-21","failed","-","cridonoso","","2023-06-06T11:36:41.000Z","15233","q1ntly1t","2500","128","0.371951707185555","32","0.01","4","1","200","29","0.000009999999747378752","0.09608743339776991","0.6280684471130371","0.09473416954278946","0.6298321485519409"
"earthy-sweep-7","finished","-","cridonoso","","2023-06-05T10:44:40.000Z","27697","hvmpmcr4","2500","64","0.38697949968977174","64","0.00001","2","1","200","65","0.000009999999747378752","0.0997023731470108","0.6123883724212646","0.09484069794416428","0.6260517835617065"
"proud-sweep-27","failed","-","cridonoso","","2023-06-07T05:58:59.000Z","12814","u9aqay8r","2500","128","0.1850444938951693","64","0.01","2","1","200","29","0.000009999999747378752","0.10250137001276016","0.6289653778076172","0.09508759528398514","0.6299746632575989"
"daily-sweep-47","finished","-","cridonoso","","2023-06-10T16:35:28.000Z","12191","u9aqay8r","2500","128","0.07440777587371766","64","0.00001","2","1","200","27","0.000009999999747378752","0.09609030932188034","0.6111472845077515","0.09745586663484572","0.6081766486167908"
"true-sweep-2","finished","-","cridonoso","","2023-06-01T21:55:16.000Z","63153","q1ntly1t","2500","64","0.05665151883458863","32","0.001","4","2","200","74","0.000009999999747378752","0.10437647998332976","0.5627158284187317","0.10029348731040956","0.5796180963516235"
"flowing-sweep-6","failed","-","cridonoso","","2023-06-05T11:15:25.000Z","7803","u9aqay8r","2500","16","0.1332347333540288","64","0.00001","4","1","200","9","0.000009999999747378752","0.1031099408864975","0.5596306324005127","0.10160737484693529","0.5667126178741455"
"major-sweep-11","failed","-","cridonoso","","2023-06-09T05:57:07.000Z","8119","hvmpmcr4","2500","128","0.42806473852276467","64","0.0001","4","1","200","9","0.000009999999747378752","0.10508839786052704","0.5527997612953186","0.1025380641222","0.5528919696807861"
"wobbly-sweep-36","failed","-","cridonoso","","2023-06-08T12:25:27.000Z","6245","q1ntly1t","2500","32","0.05672100306279049","64","0.001","1","1","200","29","0.000009999999747378752","0.1307934671640396","0.4278815388679504","0.1143437847495079","0.4387139081954956"
"robust-sweep-44","failed","-","cridonoso","","2023-06-09T01:33:25.000Z","6479","q1ntly1t","2500","128","0.4820385775738053","64","0.001","1","1","200","29","0.000009999999747378752","0.11242979764938354","0.44151824712753296","0.11619599163532256","0.4216810464859009"
"glamorous-sweep-10","failed","-","cridonoso","","2023-06-05T16:19:29.000Z","4979","u9aqay8r","2500","32","0.3889726374509564","32","0.001","4","1","200","9","0.000009999999747378752","0.11477985233068466","0.31664055585861206","0.12299104034900664","0.3491628170013428"
"different-sweep-7","failed","-","cridonoso","","2023-06-05T13:25:29.000Z","4143","u9aqay8r","2500","16","0.22249866460375728","64","0.00001","2","1","200","9","0.000009999999747378752","0.1288992017507553","0.3410896062850952","0.12400802224874496","0.34510719776153564"
"elated-sweep-15","failed","-","cridonoso","","2023-06-09T21:00:47.000Z","4241","hvmpmcr4","2500","32","0.4913370931040958","64","0.0001","2","1","200","9","0.000009999999747378752","0.1256302446126938","0.3800272345542908","0.12531891465187073","0.3440313935279846"
"hopeful-sweep-12","failed","-","cridonoso","","2023-06-09T08:12:27.000Z","4262","hvmpmcr4","2500","64","0.3883079696699509","64","0.00001","2","1","200","9","0.000009999999747378752","0.13100068271160126","0.34025073051452637","0.12676171958446503","0.3332311511039734"
"vocal-sweep-13","failed","-","cridonoso","","2023-06-06T12:25:14.000Z","4155","u9aqay8r","2500","16","0.27848961081791473","64","0.01","2","1","200","9","0.000009999999747378752","0.1366133838891983","0.33621323108673096","0.1279759258031845","0.31225162744522095"
"sweepy-sweep-9","failed","-","cridonoso","","2023-06-05T15:07:28.000Z","4320","u9aqay8r","2500","128","0.0542475149603982","64","0.001","2","1","200","9","0.000009999999747378752","0.1310969740152359","0.3079031705856323","0.1284533441066742","0.3003309369087219"
"dashing-sweep-23","failed","-","cridonoso","","2023-06-06T23:39:28.000Z","7080","u9aqay8r","2500","128","0.4365173409400103","64","0.00001","2","2","200","9","0.000009999999747378752","0.1375928819179535","0.21905046701431272","0.13574674725532532","0.2103446125984192"
"jumping-sweep-39","failed","-","cridonoso","","2023-06-10T07:42:34.000Z","2152","u9aqay8r","2500","64","0.4579017995156677","64","0.00001","1","1","200","9","0.000009999999747378752","0.1401563286781311","0.1665503978729248","0.14115862548351288","0.1599135398864746"
"sweet-sweep-1","finished","-","cridonoso","","2023-06-01T13:06:11.000Z","43786","u9aqay8r","2500","128","0.25375867591525436","64","0.01","1","2","200","126","0.000009999999747378752","0.14346185326576233","0.14142721891403198","0.14301790297031405","0.13821089267730713"
"misty-sweep-32","failed","-","cridonoso","","2023-06-10T01:03:27.000Z","2097","u9aqay8r","2500","16","0.24378113518500832","64","0.0001","1","1","200","9","0.000009999999747378752","0.14907501637935638","0.15376317501068115","0.14357878267765045","0.1332516074180603"
"snowy-sweep-5","failed","-","cridonoso","","2023-06-04T20:41:40.000Z","12886","hvmpmcr4","2500","64","0.4571833324663527","64","0.00001","4","2","200","9","0.000009999999747378752","0.1516849845647812","0.13116824626922607","0.1445859670639038","0.11422955989837646"
"divine-sweep-42","failed","-","cridonoso","","2023-06-10T10:36:26.000Z","2580","u9aqay8r","2500","16","0.0820858970150784","32","0.001","2","1","200","9","0.000009999999747378752","0.1435239166021347","0.11316710710525511","0.14545316994190216","0.1162971258163452"
"dauntless-sweep-39","failed","-","cridonoso","","2023-06-08T21:18:34.000Z","3413","q1ntly1t","2500","64","0.2026469272400352","16","0.00001","4","1","200","9","0.000009999999747378752","0.14388050138950348","0.12296879291534424","0.14559154212474823","0.10227859020233154"
"solar-sweep-17","failed","-","cridonoso","","2023-06-10T04:42:27.000Z","2161","hvmpmcr4","2500","64","0.03198156091337545","64","0.001","1","1","200","9","0.000009999999747378752","0.145651176571846","0.13944226503372192","0.14573661983013153","0.12455236911773682"
"earnest-sweep-34","failed","-","cridonoso","","2023-06-10T02:53:27.000Z","2638","u9aqay8r","2500","64","0.06730363763956498","32","0.00001","2","1","200","9","0.000009999999747378752","0.14824315905570984","0.11707359552383424","0.14623108506202698","0.09039855003356934"
"feasible-sweep-26","failed","-","cridonoso","","2023-06-07T20:19:35.000Z","6891","q1ntly1t","2500","16","0.26448830078772895","64","0.001","2","2","200","9","0.000009999999747378752","0.15086178481578827","0.07062721252441406","0.14759013056755066","0.07118219137191772"
"dauntless-sweep-10","failed","-","cridonoso","","2023-06-05T04:55:26.000Z","1558","q1ntly1t","2500","128","0.2228550865946775","32","0.001","1","1","200","9","0.000009999999747378752","0.1477008759975433","0.07801848649978638","0.14766596257686615","0.06618034839630127"
"stellar-sweep-38","failed","-","cridonoso","","2023-06-10T05:22:29.000Z","8405","u9aqay8r","2500","64","0.2229622817521258","32","0.001","4","2","200","9","0.000009999999747378752","0.14912177622318268","0.11155962944030762","0.14793744683265686","0.1092926859855652"
"vague-sweep-26","failed","-","cridonoso","","2023-06-07T05:34:30.000Z","1469","u9aqay8r","2500","32","0.0924321089500098","32","0.01","1","1","200","9","0.000009999999747378752","0.14422298967838287","0.06277692317962646","0.14838692545890808","0.04879200458526611"
"scarlet-sweep-28","failed","-","cridonoso","","2023-06-07T09:32:34.000Z","8396","u9aqay8r","2500","64","0.41894484024839257","32","0.001","4","2","200","9","0.000009999999747378752","0.15013659000396729","0.07209962606430054","0.1483934074640274","0.07879042625427246"
"misunderstood-sweep-6","failed","-","cridonoso","","2023-06-04T00:24:03.000Z","6863","q1ntly1t","2500","16","0.33051106944154585","64","0.01","2","2","200","9","0.000009999999747378752","0.14740385115146637","0.1096729040145874","0.14848974347114563","0.0947604775428772"
"iconic-sweep-45","failed","-","cridonoso","","2023-06-09T03:21:26.000Z","1860","q1ntly1t","2500","16","0.15744142384063764","16","0.01","2","1","200","9","0.000009999999747378752","0.14557887613773346","0.054995596408843994","0.14855371415615082","0.05426090955734253"
"warm-sweep-20","failed","-","cridonoso","","2023-06-06T20:04:27.000Z","5943","u9aqay8r","2500","64","0.4919284014120977","16","0.001","4","2","200","9","0.000009999999747378752","0.14750592410564425","0.05704528093338013","0.14873762428760529","0.05759412050247192"
"avid-sweep-46","failed","-","cridonoso","","2023-06-09T03:52:28.000Z","1504","q1ntly1t","2500","64","0.207092229637664","32","0.01","1","1","200","9","0.000009999999747378752","0.15540006756782532","0.057004332542419434","0.14877815544605255","0.06124997138977051"
"kind-sweep-37","failed","-","cridonoso","","2023-06-10T04:49:24.000Z","1982","u9aqay8r","2500","128","0.3917248005440184","16","0.001","2","1","200","9","0.000009999999747378752","0.15219207108020782","0.06309938430786133","0.14882856607437134","0.06277018785476685"
"noble-sweep-37","failed","-","cridonoso","","2023-06-08T14:09:32.000Z","1560","q1ntly1t","2500","128","0.24539625735587528","32","0.00001","1","1","200","9","0.000009999999747378752","0.15233632922172546","0.07064837217330933","0.1488291174173355","0.0547635555267334"
"devoted-sweep-21","failed","-","cridonoso","","2023-06-06T21:43:34.000Z","1133","u9aqay8r","2500","32","0.2114988554230692","16","0.0001","1","1","200","9","0.000009999999747378752","0.16184797883033752","0.04072284698486328","0.14883942902088165","0.042855143547058105"
"glad-sweep-8","failed","-","cridonoso","","2023-06-05T14:34:32.000Z","1975","u9aqay8r","2500","128","0.4949371158703404","16","0.01","2","1","200","9","0.000009999999747378752","0.15366490185260773","0.05658555030822754","0.1489722728729248","0.05364859104156494"
"morning-sweep-17","failed","-","cridonoso","","2023-06-05T12:04:31.000Z","6064","q1ntly1t","2500","128","0.37435906475052094","16","0.001","4","2","200","9","0.000009999999747378752","0.14671337604522705","0.05274057388305664","0.14929059147834778","0.06215465068817139"
"desert-sweep-31","failed","-","cridonoso","","2023-06-09T23:51:04.000Z","4340","u9aqay8r","2500","32","0.47534915812947126","32","0.0001","2","2","200","9","0.000009999999747378752","0.15058080852031708","0.06302279233932495","0.14931519329547882","0.05325150489807129"
"misunderstood-sweep-25","failed","-","cridonoso","","2023-06-07T03:14:32.000Z","8399","u9aqay8r","2500","64","0.33242622424668006","32","0.00001","4","2","200","9","0.000009999999747378752","0.14915525913238523","0.05582541227340698","0.14942710101604462","0.05121409893035889"
"peach-sweep-24","failed","-","cridonoso","","2023-06-07T01:37:29.000Z","5823","u9aqay8r","2500","32","0.22800281980339224","16","0.01","4","2","200","9","0.000009999999747378752","0.15568169951438904","0.043254852294921875","0.14947554469108582","0.046719491481781006"
"fallen-sweep-19","failed","-","cridonoso","","2023-06-06T19:39:45.000Z","1480","u9aqay8r","2500","64","0.0974885219097879","32","0.01","1","1","200","9","0.000009999999747378752","0.143598735332489","0.04756087064743042","0.14949765801429749","0.049245476722717285"
"earnest-sweep-47","failed","-","cridonoso","","2023-06-09T04:17:42.000Z","1126","q1ntly1t","2500","64","0.0976499646658725","16","0.01","1","1","200","9","0.000009999999747378752","0.15198422968387604","0.042735278606414795","0.1497072875499725","0.053168416023254395"
"smooth-sweep-35","failed","-","cridonoso","","2023-06-10T03:37:27.000Z","1920","u9aqay8r","2500","32","0.04950779822370155","16","0.00001","2","1","200","9","0.000009999999747378752","0.15444953739643097","0.0809888243675232","0.14973588287830353","0.06329625844955444"
"sparkling-sweep-11","failed","-","cridonoso","","2023-06-05T17:42:30.000Z","1442","u9aqay8r","2500","16","0.3643135981311885","32","0.01","1","1","200","9","0.000009999999747378752","0.16337279975414276","0.066070556640625","0.14985701441764832","0.052630484104156494"
"fearless-sweep-40","failed","-","cridonoso","","2023-06-08T22:15:28.000Z","1917","q1ntly1t","2500","32","0.4156118570627537","16","0.01","2","1","200","9","0.000009999999747378752","0.1570139080286026","0.08880186080932617","0.1499931365251541","0.05970066785812378"
"lunar-sweep-14","failed","-","cridonoso","","2023-06-05T08:59:29.000Z","1200","q1ntly1t","2500","128","0.03997271302823718","16","0.0001","1","1","200","9","0.000009999999747378752","0.14994186162948608","0.0474281907081604","0.15018944442272186","0.04416537284851074"
"comfy-sweep-35","failed","-","cridonoso","","2023-06-08T12:00:42.000Z","1483","q1ntly1t","2500","16","0.09811531457950184","32","0.001","1","1","200","9","0.000009999999747378752","0.1597944349050522","0.064910888671875","0.15037871897220612","0.05578714609146118"
"wild-sweep-15","failed","-","cridonoso","","2023-06-06T14:29:30.000Z","1142","u9aqay8r","2500","16","0.3504258700006696","16","0.01","1","1","200","9","0.000009999999747378752","0.14835456013679504","0.04510408639907837","0.15050113201141355","0.03413444757461548"
"wild-sweep-50","failed","-","cridonoso","","2023-06-09T06:08:30.000Z","4377","q1ntly1t","2500","32","0.1561625212053956","32","0.00001","2","2","200","9","0.000009999999747378752","0.1620907485485077","0.02048015594482422","0.1510540395975113","0.018354833126068115"
"woven-sweep-13","failed","-","cridonoso","","2023-06-09T09:23:30.000Z","3358","hvmpmcr4","2500","64","0.16094695128355552","16","0.00001","2","2","200","9","0.000009999999747378752","0.14804454147815704","0.06351137161254883","0.15117256343364716","0.04838800430297851"
"devout-sweep-12","failed","-","cridonoso","","2023-06-05T07:42:28.000Z","1140","q1ntly1t","2500","16","0.07435686220138854","16","0.001","1","1","200","9","0.000009999999747378752","0.16137996315956116","0.03682863712310791","0.15126316249370575","0.031018197536468502"
"bright-sweep-15","failed","-","cridonoso","","2023-06-05T09:19:32.000Z","1196","q1ntly1t","2500","128","0.038126218642670184","16","0.0001","1","1","200","9","0.000009999999747378752","0.15036898851394653","0.033596158027648926","0.15137237310409546","0.041021764278411865"
"honest-sweep-27","failed","-","cridonoso","","2023-06-07T22:14:31.000Z","1134","q1ntly1t","2500","32","0.1580919444795595","16","0.0001","1","1","200","9","0.000009999999747378752","0.1512008160352707","0.029772639274597168","0.15150406956672668","0.025847554206848145"
"dry-sweep-40","failed","-","cridonoso","","2023-06-10T08:18:29.000Z","1139","u9aqay8r","2500","32","0.16539180939334291","16","0.001","1","1","200","9","0.000009999999747378752","0.15145157277584076","0.052013397216796875","0.1516086757183075","0.04656708240509033"
"earnest-sweep-42","failed","-","cridonoso","","2023-06-08T23:07:43.000Z","6887","q1ntly1t","2500","32","0.394885166640072","64","0.01","2","2","200","9","0.000009999999747378752","0.15591639280319214","0.003550589084625244","0.1518198847770691","0.0026775598526000977"
"classic-sweep-13","failed","-","cridonoso","","2023-06-05T08:01:47.000Z","3462","q1ntly1t","2500","128","0.18851456851601767","16","0.0001","2","2","200","9","0.000009999999747378752","0.1488189548254013","0.06106811761856079","0.15182936191558838","0.05028009414672851"
"trim-sweep-46","failed","-","cridonoso","","2023-06-10T15:20:38.000Z","4489","u9aqay8r","2500","128","0.4390213754794408","32","0.0001","2","2","200","9","0.000009999999747378752","0.1523541659116745","0.023809075355529785","0.15185074508190155","0.02566820383071899"
"celestial-sweep-36","failed","-","cridonoso","","2023-06-10T04:09:29.000Z","2394","u9aqay8r","2500","32","0.23919295792918588","32","0.00001","1","2","200","9","0.000009999999747378752","0.15415991842746735","0.0005101561546325684","0.15198105573654175","0.0013085007667541504"
"sandy-sweep-41","failed","-","cridonoso","","2023-06-08T22:47:28.000Z","1197","q1ntly1t","2500","128","0.03969203259089582","16","0.00001","1","1","200","9","0.000009999999747378752","0.14989617466926575","0.03787851333618164","0.1520770937204361","0.042006492614746094"
"floral-sweep-22","failed","-","cridonoso","","2023-06-06T22:02:28.000Z","5817","u9aqay8r","2500","32","0.24304707118942","16","0.01","4","2","200","9","0.000009999999747378752","0.1533288061618805","0.04366046190261841","0.1523032784461975","0.030456244945526123"
"serene-sweep-44","failed","-","cridonoso","","2023-06-10T13:13:27.000Z","4324","u9aqay8r","2500","32","0.18543083542778271","32","0.001","2","2","200","9","0.000009999999747378752","0.15841913223266602","0.026915252208709717","0.1530023068189621","0.026591598987579346"
"firm-sweep-48","failed","-","cridonoso","","2023-06-09T04:36:31.000Z","1976","q1ntly1t","2500","128","0.006084548037666615","16","0.00001","1","2","200","9","0.000009999999747378752","0.1488601118326187","0.01975548267364502","0.1533946394920349","0.02344834804534912"
"brisk-sweep-33","failed","-","cridonoso","","2023-06-08T09:36:29.000Z","6841","q1ntly1t","2500","16","0.14141369949870014","64","0.00001","2","2","200","9","0.000009999999747378752","0.1507771462202072","0.004412710666656494","0.15352140367031095","0.004376828670501709"
"efficient-sweep-18","failed","-","cridonoso","","2023-06-05T13:45:40.000Z","8748","q1ntly1t","2500","128","0.4264403053286038","32","0.001","4","2","200","9","0.000009999999747378752","0.1664896458387375","0.01346820592880249","0.15353351831436157","0.010102033615112305"
"hearty-sweep-22","failed","-","cridonoso","","2023-06-06T15:50:37.000Z","1917","q1ntly1t","2500","64","0.3534998481747033","16","0.01","1","2","200","9","0.000009999999747378752","0.16731327772140503","0.003617942333221435","0.15361452102661133","0.001417398452758789"
"absurd-sweep-34","failed","-","cridonoso","","2023-06-08T11:30:30.000Z","1816","q1ntly1t","2500","16","0.40963409998534495","16","0.001","1","2","200","9","0.000009999999747378752","0.16392111778259277","0.0018848180770874023","0.15365897119045258","0.0014271736145019531"
"bright-sweep-43","failed","-","cridonoso","","2023-06-09T01:02:30.000Z","1853","q1ntly1t","2500","32","0.21911296102980404","16","0.00001","1","2","200","9","0.000009999999747378752","0.1502341628074646","0.0014106035232543943","0.15371528267860413","0.001404881477355957"
"exalted-sweep-41","failed","-","cridonoso","","2023-06-10T08:37:28.000Z","7137","u9aqay8r","2500","128","0.29180988975273664","64","0.0001","2","2","200","9","0.000009999999747378752","0.1617356240749359","0.0022916197776794434","0.15382878482341766","0.001965343952178955"
"amber-sweep-30","failed","-","cridonoso","","2023-06-08T00:42:27.000Z","2338","q1ntly1t","2500","16","0.19012931799735916","32","0.01","1","2","200","9","0.000009999999747378752","0.16355979442596436","0.0014486312866210938","0.15403611958026886","0.001217961311340332"
"neat-sweep-29","failed","-","cridonoso","","2023-06-07T23:46:28.000Z","3357","q1ntly1t","2500","32","0.38117106272757034","64","0.001","1","2","200","9","0.000009999999747378752","0.15871785581111908","0.0010938644409179688","0.15412910282611847","0.0007707476615905762"
"atomic-sweep-45","failed","-","cridonoso","","2023-06-10T14:25:32.000Z","3301","u9aqay8r","2500","16","0.4558608961683964","64","0.00001","1","2","200","9","0.000009999999747378752","0.1442165970802307","0.002217531204223633","0.15426956117153168","0.0015968084335327148"
"fanciful-sweep-16","failed","-","cridonoso","","2023-06-05T09:39:29.000Z","8701","q1ntly1t","2500","128","0.4990027267816698","32","0.001","4","2","200","9","0.000009999999747378752","0.16448824107646942","0.003924310207366943","0.15428940951824188","0.0044748783111572266"
"helpful-sweep-18","failed","-","cridonoso","","2023-06-06T18:58:31.000Z","2457","u9aqay8r","2500","64","0.4824794370140496","32","0.00001","1","2","200","9","0.000009999999747378752","0.16465052962303162","0.0020762085914611816","0.154539555311203","0.0010741353034973145"
"trim-sweep-28","failed","-","cridonoso","","2023-06-07T22:33:28.000Z","4379","q1ntly1t","2500","64","0.44330155281326966","32","0.01","2","2","200","9","0.000009999999747378752","0.14749093353748322","0.001078486442565918","0.15467174351215365","0.001750051975250244"
"true-sweep-14","failed","-","cridonoso","","2023-06-06T13:34:31.000Z","3297","u9aqay8r","2500","32","0.209446155591612","16","0.01","2","2","200","9","0.000009999999747378752","0.17100626230239868","0.010373473167419434","0.15474382042884827","0.009823918342590332"
"clear-sweep-17","failed","-","cridonoso","","2023-06-06T18:18:29.000Z","2401","u9aqay8r","2500","32","0.054673461254705735","32","0.01","1","2","200","9","0.000009999999747378752","0.15733760595321655","0.001262962818145752","0.15500608086586","0.0010666251182556152"
"misunderstood-sweep-33","failed","-","cridonoso","","2023-06-10T01:38:45.000Z","4480","u9aqay8r","2500","128","0.2508573864815844","32","0.001","2","2","200","9","0.000009999999747378752","0.15413574874401093","0.001813054084777832","0.15504711866378784","0.0006870031356811523"
"frosty-sweep-43","failed","-","cridonoso","","2023-06-10T11:19:28.000Z","6837","u9aqay8r","2500","32","0.01266188634277754","64","0.00001","2","2","200","9","0.000009999999747378752","0.1522473692893982","0.006435513496398926","0.15511447191238403","0.00457608699798584"
"northern-sweep-23","failed","-","cridonoso","","2023-06-06T16:22:41.000Z","6949","q1ntly1t","2500","64","0.22416618896473944","64","0.01","2","2","200","9","0.000009999999747378752","0.16169658303260803","0.001880049705505371","0.1557326316833496","0.0019057393074035645"
"sunny-sweep-49","failed","-","cridonoso","","2023-06-09T05:09:47.000Z","3522","q1ntly1t","2500","128","0.21536780948024","64","0.01","1","2","200","9","0.000009999999747378752","0.14485055208206177","0.001371324062347412","0.1561783254146576","0.002122163772583008"
"trim-sweep-11","failed","-","cridonoso","","2023-06-05T05:21:29.000Z","8460","q1ntly1t","2500","64","0.4905086024495033","32","0.0001","4","2","200","9","0.000009999999747378752","0.1489870250225067","0.003371298313140869","0.1569768488407135","0.004060924053192139"
"lemon-sweep-24","crashed","-","cridonoso","","2023-06-10T20:14:51.000Z","0","hvmpmcr4","2500","32","0.09957212677158316","64","0.01","4","1","200","","","","","",""
"dauntless-sweep-26","crashed","-","cridonoso","","2023-06-10T20:15:02.000Z","0","hvmpmcr4","2500","64","0.2747230161412417","32","0.00001","2","1","200","","","","","",""
"trim-sweep-47","crashed","-","cridonoso","","2023-06-10T20:17:14.000Z","0","hvmpmcr4","2500","32","0.10297651005837988","16","0.01","4","1","200","","","","","",""
"floral-sweep-41","crashed","-","cridonoso","","2023-06-10T20:16:41.000Z","0","hvmpmcr4","2500","16","0.22189278280810457","64","0.01","4","1","200","","","","","",""
"olive-sweep-50","crashed","-","cridonoso","","2023-06-10T20:02:14.000Z","0","u9aqay8r","2500","128","0.4838813319386193","64","0.00001","2","2","200","","","","","",""
"sweet-sweep-27","crashed","-","cridonoso","","2023-06-10T20:15:08.000Z","0","hvmpmcr4","2500","128","0.3288234834912232","64","0.0001","4","1","200","","","","","",""
"toasty-sweep-40","crashed","-","cridonoso","","2023-06-10T20:16:35.000Z","0","hvmpmcr4","2500","128","0.15007300329622908","64","0.01","4","1","200","","","","","",""
"denim-sweep-49","crashed","-","cridonoso","","2023-06-10T20:17:26.000Z","0","hvmpmcr4","2500","128","0.4633474755267169","16","0.0001","2","1","200","","","","","",""
"bumbling-sweep-34","crashed","-","cridonoso","","2023-06-10T20:15:49.000Z","0","hvmpmcr4","2500","16","0.15356834818648274","32","0.00001","4","1","200","","","","","",""
"deft-sweep-31","crashed","-","cridonoso","","2023-06-10T20:15:31.000Z","0","hvmpmcr4","2500","16","0.03660996818768397","32","0.01","4","2","200","","","","","",""
"wobbly-sweep-44","crashed","-","cridonoso","","2023-06-10T20:16:58.000Z","0","hvmpmcr4","2500","32","0.12503100458935473","32","0.00001","4","1","200","","","","","",""
"valiant-sweep-30","crashed","-","cridonoso","","2023-06-10T20:15:25.000Z","0","hvmpmcr4","2500","128","0.34618902531634904","32","0.0001","4","1","200","","","","","",""
"tough-sweep-48","crashed","-","cridonoso","","2023-06-10T20:02:03.000Z","0","u9aqay8r","2500","64","0.05264874722052809","64","0.00001","4","2","200","","","","","",""
"dazzling-sweep-45","crashed","-","cridonoso","","2023-06-10T20:17:03.000Z","0","hvmpmcr4","2500","32","0.4092106627912105","64","0.01","1","2","200","","","","","",""
"trim-sweep-20","crashed","-","cridonoso","","2023-06-10T20:14:29.000Z","0","hvmpmcr4","2500","32","0.22312770324136005","32","0.00001","2","2","200","","","","","",""
"mild-sweep-33","crashed","-","cridonoso","","2023-06-10T20:15:43.000Z","0","hvmpmcr4","2500","16","0.360660416946702","32","0.01","4","2","200","","","","","",""
"hopeful-sweep-42","crashed","-","cridonoso","","2023-06-10T20:16:46.000Z","0","hvmpmcr4","2500","64","0.00143669253755091","64","0.00001","4","2","200","","","","","",""
"proud-sweep-46","crashed","-","cridonoso","","2023-06-10T20:17:09.000Z","0","hvmpmcr4","2500","64","0.3536917351255213","32","0.01","4","1","200","","","","","",""
"true-sweep-48","crashed","-","cridonoso","","2023-06-10T20:17:20.000Z","0","hvmpmcr4","2500","64","0.13551123256850012","32","0.001","4","2","200","","","","","",""
"lucky-sweep-51","crashed","-","cridonoso","","2023-06-09T07:21:37.000Z","0","q1ntly1t","2500","128","0.4641494111891174","32","0.001","4","2","200","","","","","",""
"wobbly-sweep-28","crashed","-","cridonoso","","2023-06-10T20:15:14.000Z","0","hvmpmcr4","2500","64","0.43726566227257535","32","0.0001","4","2","200","","","","","",""
"super-sweep-22","crashed","-","cridonoso","","2023-06-10T20:14:40.000Z","0","hvmpmcr4","2500","32","0.4572545887572263","64","0.00001","4","2","200","","","","","",""
"playful-sweep-50","crashed","-","cridonoso","","2023-06-10T20:17:31.000Z","0","hvmpmcr4","2500","128","0.29553781582634725","32","0.0001","4","2","200","","","","","",""
"azure-sweep-38","crashed","-","cridonoso","","2023-06-10T20:16:12.000Z","0","hvmpmcr4","2500","128","0.27597912044107514","16","0.00001","4","2","200","","","","","",""
"super-sweep-35","crashed","-","cridonoso","","2023-06-10T20:15:55.000Z","0","hvmpmcr4","2500","16","0.3712612354292093","64","0.01","1","2","200","","","","","",""
"eternal-sweep-49","crashed","-","cridonoso","","2023-06-10T20:02:08.000Z","0","u9aqay8r","2500","128","0.07916001056185523","32","0.00001","4","2","200","","","","","",""
"soft-sweep-36","crashed","-","cridonoso","","2023-06-10T20:16:00.000Z","0","hvmpmcr4","2500","16","0.47873577043198257","64","0.0001","2","1","200","","","","","",""
"northern-sweep-21","crashed","-","cridonoso","","2023-06-10T20:14:34.000Z","0","hvmpmcr4","2500","128","0.12188165021756105","64","0.00001","4","2","200","","","","","",""
"exalted-sweep-37","crashed","-","cridonoso","","2023-06-10T20:16:06.000Z","0","hvmpmcr4","2500","32","0.4347007402663636","32","0.001","2","2","200","","","","","",""
"dashing-sweep-43","crashed","-","cridonoso","","2023-06-10T20:16:52.000Z","0","hvmpmcr4","2500","32","0.46499903193544506","16","0.001","1","1","200","","","","","",""
"gentle-sweep-29","crashed","-","cridonoso","","2023-06-10T20:15:20.000Z","0","hvmpmcr4","2500","16","0.4318452144552035","32","0.001","4","1","200","","","","","",""
"easy-sweep-39","crashed","-","cridonoso","","2023-06-10T20:16:29.000Z","0","hvmpmcr4","2500","32","0.3716837660248584","16","0.001","4","1","200","","","","","",""
"peachy-sweep-19","crashed","-","cridonoso","","2023-06-10T20:14:18.000Z","0","hvmpmcr4","2500","16","0.34198847847878755","32","0.00001","2","2","200","","","","","",""
"zany-sweep-23","crashed","-","cridonoso","","2023-06-10T20:14:45.000Z","0","hvmpmcr4","2500","64","0.12001010775529453","64","0.001","4","1","200","","","","","",""
"grateful-sweep-32","crashed","-","cridonoso","","2023-06-10T20:15:37.000Z","0","hvmpmcr4","2500","64","0.3261886836806022","64","0.0001","2","2","200","","","","","",""
"warm-sweep-25","crashed","-","cridonoso","","2023-06-10T20:14:57.000Z","0","hvmpmcr4","2500","32","0.3204546845284914","32","0.0001","1","2","200","","","","","",""